[{"model": "appointment_app.category", "pk": 1, "fields": {"name": "Demo Services"}}, {"model": "appointment_app.category", "pk": 2, "fields": {"name": "Salon"}}, {"model": "appointment_app.category", "pk": 3, "fields": {"name": "Technician"}}, {"model": "appointment_app.category", "pk": 4, "fields": {"name": "Doctor"}}, {"model": "appointment_app.category", "pk": 5, "fields": {"name": "Education"}}, {"model": "appointment_app.category", "pk": 6, "fields": {"name": "Transportation"}}, {"model": "appointment_app.subcategory", "pk": 1, "fields": {"category": 1, "name": "General Service"}}, {"model": "appointment_app.subcategory", "pk": 2, "fields": {"category": 2, "name": "Haircut"}}, {"model": "appointment_app.subcategory", "pk": 3, "fields": {"category": 2, "name": "Beard Style"}}, {"model": "appointment_app.subcategory", "pk": 4, "fields": {"category": 2, "name": "Make Up"}}, {"model": "appointment_app.subcategory", "pk": 5, "fields": {"category": 2, "name": "Hair Color"}}, {"model": "appointment_app.subcategory", "pk": 6, "fields": {"category": 3, "name": "Electrician"}}, {"model": "appointment_app.subcategory", "pk": 7, "fields": {"category": 3, "name": "Plumber"}}, {"model": "appointment_app.subcategory", "pk": 8, "fields": {"category": 3, "name": "Carpenter"}}, {"model": "appointment_app.subcategory", "pk": 9, "fields": {"category": 3, "name": "Fridge Repair"}}, {"model": "appointment_app.subcategory", "pk": 10, "fields": {"category": 4, "name": "Heart Specialist"}}, {"model": "appointment_app.subcategory", "pk": 11, "fields": {"category": 4, "name": "Eye Specialist"}}, {"model": "appointment_app.subcategory", "pk": 12, "fields": {"category": 4, "name": "Bone Specialist"}}, {"model": "appointment_app.subcategory", "pk": 13, "fields": {"category": 4, "name": "Skin Doctor"}}, {"model": "appointment_app.subcategory", "pk": 14, "fields": {"category": 5, "name": "Math Teacher"}}, {"model": "appointment_app.subcategory", "pk": 15, "fields": {"category": 5, "name": "Science Teacher"}}, {"model": "appointment_app.subcategory", "pk": 16, "fields": {"category": 5, "name": "English Teacher"}}, {"model": "appointment_app.subcategory", "pk": 17, "fields": {"category": 5, "name": "Computer Teacher"}}, {"model": "appointment_app.subcategory", "pk": 18, "fields": {"category": 6, "name": "Bike Taxi"}}, {"model": "appointment_app.subcategory", "pk": 19, "fields": {"category": 6, "name": "Car Taxi"}}, {"model": "appointment_app.subcategory", "pk": 20, "fields": {"category": 6, "name": "Bus Service"}}, {"model": "appointment_app.subcategory", "pk": 21, "fields": {"category": 6, "name": "Truck Service"}}, {"model": "appointment_app.user", "pk": 1, "fields": {"password": "pbkdf2_sha256$1200000$sjuwil6p05eYTORFDLBzIf$chVlEGb7JHu+buU2Wnlaxp/vUecQ6acZwy4e65DFOys=", "last_login": "2026-05-22T06:35:34.421Z", "is_superuser": false, "username": "shreya", "first_name": "", "last_name": "", "email": "shreyasinghofficial1@gmail.com", "is_staff": false, "is_active": true, "date_joined": "2026-05-21T10:57:18.374Z", "role": "CUSTOMER", "phone": null, "groups": [], "user_permissions": []}}, {"model": "appointment_app.user", "pk": 2, "fields": {"password": "pbkdf2_sha256$1200000$62JYvjKhFUnmnhJcHq4r2L$fUfj7ZVJ6F5WUAD0rdEEVRX62dHNjE9KnSfrWJiSgUo=", "last_login": null, "is_superuser": false, "username": "demo_provider", "first_name": "", "last_name": "", "email": "demo@local", "is_staff": false, "is_active": true, "date_joined": "2026-05-21T11:27:24.688Z", "role": "PROVIDER", "phone": null, "groups": [], "user_permissions": []}}, {"model": "appointment_app.user", "pk": 3, "fields": {"password": "pbkdf2_sha256$1200000$gHMTrJDoNRjU7mHdzlKGFB$BAevwVSyMbeVPx+OXUPtpPHoRhG9e95DMKvdDyFCJ0k=", "last_login": "2026-05-22T11:56:21.637Z", "is_superuser": false, "username": "Rajesh Kumar", "first_name": "", "last_name": "", "email": "rajesh321@gmail.com", "is_staff": false, "is_active": true, "date_joined": "2026-05-22T04:29:50.249Z", "role": "CUSTOMER", "phone": null, "groups": [], "user_permissions": []}}, {"model": "appointment_app.user", "pk": 4, "fields": {"password": "pbkdf2_sha256$1200000$SPAfsz3yCNpdf2HHoaTYTZ$HwPsfaDN2EJAyhUR/hVOsIJdmS06yCyqbnhzdSNfarw=", "last_login": "2026-05-22T04:36:29.163Z", "is_superuser": false, "username": "aayush", "first_name": "", "last_name": "", "email": "aayush.ardy@gmail.com", "is_staff": false, "is_active": true, "date_joined": "2026-05-22T04:36:14.540Z", "role": "CUSTOMER", "phone": null, "groups": [], "user_permissions": []}}, {"model": "appointment_app.user", "pk": 5, "fields": {"password": "pbkdf2_sha256$1200000$AumxfHfZ0r4fJjfwkuWbMk$tXgUCvnZEHNKgk3sTqbm80F+9ADZgyZU7uBD9ADf/L0=", "last_login": null, "is_superuser": false, "username": "salon_provider", "first_name": "", "last_name": "", "email": "salon.provider@example.com", "is_staff": false, "is_active": true, "date_joined": "2026-05-22T04:39:42.491Z", "role": "PROVIDER", "phone": "9876500001", "groups": [], "user_permissions": []}}, {"model": "appointment_app.user", "pk": 6, "fields": {"password": "pbkdf2_sha256$1200000$EbM7HHryvMzbMwxI5yKdMm$8LFlDkeSExv47jY3Sz++HyNMNi6zKXXzSNi3Fhn52Pg=", "last_login": null, "is_superuser": false, "username": "technician_provider", "first_name": "", "last_name": "", "email": "technician.provider@example.com", "is_staff": false, "is_active": true, "date_joined": "2026-05-22T04:40:55.929Z", "role": "PROVIDER", "phone": "9876500002", "groups": [], "user_permissions": []}}, {"model": "appointment_app.user", "pk": 7, "fields": {"password": "pbkdf2_sha256$1200000$J3SldOq3HujXFs12GhQd4Q$aK1Jy2S58XEUH6BTUAbwhjLVMw2sP2mCvcNCowspIfc=", "last_login": null, "is_superuser": false, "username": "doctor_provider", "first_name": "", "last_name": "", "email": "doctor.provider@example.com", "is_staff": false, "is_active": true, "date_joined": "2026-05-22T04:40:58.035Z", "role": "PROVIDER", "phone": "9876500003", "groups": [], "user_permissions": []}}, {"model": "appointment_app.user", "pk": 8, "fields": {"password": "pbkdf2_sha256$1200000$JE91boJTf6Un55OzlG2Zyb$in25Kh/SVgfRYk+B44aP+wPy3dNA5bZJEpc2G9ZkJt4=", "last_login": "2026-05-22T06:55:14.634Z", "is_superuser": false, "username": "education_provider", "first_name": "", "last_name": "", "email": "education.provider@example.com", "is_staff": false, "is_active": true, "date_joined": "2026-05-22T04:41:00.117Z", "role": "PROVIDER", "phone": "9876500004", "groups": [], "user_permissions": []}}, {"model": "appointment_app.user", "pk": 9, "fields": {"password": "pbkdf2_sha256$1200000$UGziZwbkWr4Hc8KfQoNpr4$fVZVSXOZehr6ZAhCfoLPI9RzV9lmVs5v9PWvv/oGdVg=", "last_login": null, "is_superuser": false, "username": "transport_provider", "first_name": "", "last_name": "", "email": "transport.provider@example.com", "is_staff": false, "is_active": true, "date_joined": "2026-05-22T04:41:02.173Z", "role": "PROVIDER", "phone": "9876500005", "groups": [], "user_permissions": []}}, {"model": "appointment_app.user", "pk": 10, "fields": {"password": "pbkdf2_sha256$1200000$rg9ozBfp4W2v34h6AkWspS$j6sEZ+PYCXpwNQcUyVH04I0j+UqXOGOZlhYTpmHiCRI=", "last_login": "2026-05-22T07:49:52.113Z", "is_superuser": false, "username": "Aditya Gunjann", "first_name": "", "last_name": "", "email": "aditya321@gmail.com", "is_staff": false, "is_active": true, "date_joined": "2026-05-22T06:56:54.149Z", "role": "PROVIDER", "phone": null, "groups": [], "user_permissions": []}}, {"model": "appointment_app.user", "pk": 11, "fields": {"password": "pbkdf2_sha256$1200000$cV1eSR9ygAU4Y9e1cmczRG$Qx1xk6xVZYuvCSSk1RpPCGEMzcJ+6s4naEmGUtKwOCY=", "last_login": "2026-05-22T07:35:55.426Z", "is_superuser": false, "username": "himanshu singh", "first_name": "", "last_name": "", "email": "himanshu123@gmail.com", "is_staff": false, "is_active": true, "date_joined": "2026-05-22T07:35:36.947Z", "role": "CUSTOMER", "phone": null, "groups": [], "user_permissions": []}}, {"model": "appointment_app.user", "pk": 12, "fields": {"password": "pbkdf2_sha256$1200000$0QsIAyOwpJw3t7mS2cXUDw$VGvBy1Jp4Krzo2iVPAa20TThiE1eBteaLErpdn+/iXQ=", "last_login": "2026-05-22T12:08:34.870Z", "is_superuser": true, "username": "admin", "first_name": "", "last_name": "", "email": "admin@example.com", "is_staff": true, "is_active": true, "date_joined": "2026-05-22T12:06:05.186Z", "role": "ADMIN", "phone": null, "groups": [], "user_permissions": []}}, {"model": "appointment_app.providerprofile", "pk": 1, "fields": {"user": 2, "business_name": "Demo Provider", "category": 1, "subcategory": 1, "description": "", "address": "", "upi_id": "demo@upi", "booking_amount": "150.00", "created_at": "2026-05-21T11:27:26.251Z"}}, {"model": "appointment_app.providerprofile", "pk": 3, "fields": {"user": 5, "business_name": "Glow & Style Salon", "category": 2, "subcategory": 2, "description": "Salon services for haircut, beard styling, makeup, and hair color.", "address": "Main Market, Patna", "upi_id": "salonprovider@upi", "booking_amount": "199.00", "created_at": "2026-05-22T04:40:55.017Z"}}, {"model": "appointment_app.providerprofile", "pk": 4, "fields": {"user": 6, "business_name": "QuickFix Technicians", "category": 3, "subcategory": 6, "description": "Home repair professionals for electrical, plumbing, carpentry, and appliance services.", "address": "Boring Road, Patna", "upi_id": "quickfix@upi", "booking_amount": "149.00", "created_at": "2026-05-22T04:40:57.113Z"}}, {"model": "appointment_app.providerprofile", "pk": 5, "fields": {"user": 7, "business_name": "City Care Clinic", "category": 4, "subcategory": 10, "description": "Clinic appointments for specialist consultations and follow-ups.", "address": "Kankarbagh, Patna", "upi_id": "citycare@upi", "booking_amount": "499.00", "created_at": "2026-05-22T04:40:59.198Z"}}, {"model": "appointment_app.providerprofile", "pk": 6, "fields": {"user": 8, "business_name": "BrightPath Tutors", "category": 5, "subcategory": 14, "description": "Subject tutors for school and computer education.", "address": "Bailey Road, Patna", "upi_id": "brightpath@upi", "booking_amount": "299.00", "created_at": "2026-05-22T04:41:01.262Z"}}, {"model": "appointment_app.providerprofile", "pk": 7, "fields": {"user": 9, "business_name": "EasyMove Transport", "category": 6, "subcategory": 19, "description": "Transport booking for bike taxi, car taxi, bus service, and truck service.", "address": "Station Road, Patna", "upi_id": "easymove@upi", "booking_amount": "99.00", "created_at": "2026-05-22T04:41:03.308Z"}}, {"model": "appointment_app.providerprofile", "pk": 8, "fields": {"user": 10, "business_name": "Aditya's Salon", "category": 2, "subcategory": 2, "description": "", "address": "", "upi_id": "9065921130@ybl", "booking_amount": "100.00", "created_at": "2026-05-22T06:56:55.792Z"}}, {"model": "appointment_app.staff", "pk": 1, "fields": {"provider": 1, "name": "Demo Staff", "phone": "9999999999", "email": "staff@demo.local", "position": "Staff", "is_active": true, "created_at": "2026-05-21T11:27:26.419Z"}}, {"model": "appointment_app.staff", "pk": 2, "fields": {"provider": 3, "name": "Riya Sharma", "phone": "9876500001", "email": "salon.provider@example.com", "position": "Senior Stylist", "is_active": true, "created_at": "2026-05-22T04:40:55.473Z"}}, {"model": "appointment_app.staff", "pk": 3, "fields": {"provider": 4, "name": "Amit Kumar", "phone": "9876500002", "email": "technician.provider@example.com", "position": "Lead Technician", "is_active": true, "created_at": "2026-05-22T04:40:57.582Z"}}, {"model": "appointment_app.staff", "pk": 4, "fields": {"provider": 5, "name": "Dr. Neha Singh", "phone": "9876500003", "email": "doctor.provider@example.com", "position": "Consultant", "is_active": true, "created_at": "2026-05-22T04:40:59.654Z"}}, {"model": "appointment_app.staff", "pk": 5, "fields": {"provider": 6, "name": "Priya Verma", "phone": "9876500004", "email": "education.provider@example.com", "position": "Math Teacher", "is_active": true, "created_at": "2026-05-22T04:41:01.715Z"}}, {"model": "appointment_app.staff", "pk": 6, "fields": {"provider": 7, "name": "Rohit Raj", "phone": "9876500005", "email": "transport.provider@example.com", "position": "Driver", "is_active": true, "created_at": "2026-05-22T04:41:03.761Z"}}, {"model": "appointment_app.staff", "pk": 7, "fields": {"provider": 8, "name": "Aditya Gunjann (Main)", "phone": "Not Provided", "email": "aditya321@gmail.com", "position": "Owner", "is_active": true, "created_at": "2026-05-22T06:56:56.163Z"}}, {"model": "appointment_app.customer", "pk": 1, "fields": {"user": 1, "name": "shreya", "phone": "7209335405", "email": "shreyasinghofficial1@gmail.com", "created_at": "2026-05-21T10:57:20.182Z"}}, {"model": "appointment_app.customer", "pk": 2, "fields": {"user": 3, "name": "Rajesh Kumar", "phone": "9546453998", "email": "rajesh321@gmail.com", "created_at": "2026-05-22T04:29:51.817Z"}}, {"model": "appointment_app.customer", "pk": 3, "fields": {"user": 4, "name": "aayush", "phone": "9576482295", "email": "aayush.ardy@gmail.com", "created_at": "2026-05-22T04:36:15.896Z"}}, {"model": "appointment_app.customer", "pk": 4, "fields": {"user": 11, "name": "himanshu singh", "phone": "9708861620", "email": "himanshu123@gmail.com", "created_at": "2026-05-22T07:35:38.646Z"}}, {"model": "appointment_app.appointment", "pk": 1, "fields": {"customer": 1, "staff": 1, "provider": 1, "appointment_date": "2026-05-23T12:23:09.963Z", "time_slot": "10:00 AM", "service_type": "Demo Service", "notes": "Demo booking", "status": "pending", "whatsapp_sent": false, "created_at": "2026-05-21T12:23:09.964Z", "updated_at": "2026-05-21T12:23:09.964Z"}}, {"model": "appointment_app.appointment", "pk": 2, "fields": {"customer": 2, "staff": 4, "provider": 5, "appointment_date": "2026-05-23T14:00:00Z", "time_slot": "02:00 PM", "service_type": "General Service", "notes": "", "status": "pending", "whatsapp_sent": false, "created_at": "2026-05-22T06:00:51.545Z", "updated_at": "2026-05-22T06:00:51.545Z"}}, {"model": "appointment_app.appointment", "pk": 3, "fields": {"customer": 2, "staff": 5, "provider": 6, "appointment_date": "2026-05-24T10:00:00Z", "time_slot": "10:00 AM", "service_type": "General Service", "notes": "", "status": "pending", "whatsapp_sent": true, "created_at": "2026-05-22T06:01:29.296Z", "updated_at": "2026-05-22T06:08:18.426Z"}}, {"model": "appointment_app.appointment", "pk": 4, "fields": {"customer": 2, "staff": 4, "provider": 5, "appointment_date": "2026-05-22T13:00:00Z", "time_slot": "01:00 PM", "service_type": "Math Teacher", "notes": "", "status": "pending", "whatsapp_sent": false, "created_at": "2026-05-22T06:54:30.979Z", "updated_at": "2026-05-22T06:54:30.979Z"}}, {"model": "appointment_app.appointment", "pk": 5, "fields": {"customer": 2, "staff": 7, "provider": 8, "appointment_date": "2026-05-22T13:00:00Z", "time_slot": "01:00 PM", "service_type": "Haircut", "notes": "", "status": "pending", "whatsapp_sent": true, "created_at": "2026-05-22T06:59:00.280Z", "updated_at": "2026-05-22T07:00:35.123Z"}}, {"model": "appointment_app.appointment", "pk": 6, "fields": {"customer": 2, "staff": 7, "provider": 8, "appointment_date": "2026-05-22T13:00:00Z", "time_slot": "01:00 PM", "service_type": "Haircut", "notes": "", "status": "pending", "whatsapp_sent": false, "created_at": "2026-05-22T06:59:12.740Z", "updated_at": "2026-05-22T06:59:12.741Z"}}, {"model": "appointment_app.appointment", "pk": 7, "fields": {"customer": 4, "staff": 7, "provider": 8, "appointment_date": "2026-05-22T14:00:00Z", "time_slot": "02:00 PM", "service_type": "Haircut", "notes": "", "status": "pending", "whatsapp_sent": false, "created_at": "2026-05-22T07:36:31.283Z", "updated_at": "2026-05-22T07:36:31.283Z"}}, {"model": "appointment_app.appointment", "pk": 8, "fields": {"customer": 2, "staff": 7, "provider": 8, "appointment_date": "2026-05-22T14:00:00Z", "time_slot": "02:00 PM", "service_type": "Haircut", "notes": "", "status": "accepted", "whatsapp_sent": true, "created_at": "2026-05-22T07:48:59.716Z", "updated_at": "2026-05-22T07:51:48.567Z"}}, {"model": "appointment_app.notification", "pk": 1, "fields": {"appointment": 2, "message": "New appointment request from Rajesh Kumar for General Service. Payment has been marked as complete.", "sent_at": "2026-05-22T06:00:51.678Z", "status": "pending"}}, {"model": "appointment_app.notification", "pk": 2, "fields": {"appointment": 3, "message": "New appointment request from Rajesh Kumar for General Service. Payment has been marked as complete.", "sent_at": "2026-05-22T06:01:29.615Z", "status": "pending"}}, {"model": "appointment_app.notification", "pk": 3, "fields": {"appointment": 3, "message": "Automated notification sent for General Service (pending)", "sent_at": "2026-05-22T06:08:20.305Z", "status": "sent"}}, {"model": "appointment_app.notification", "pk": 4, "fields": {"appointment": 4, "message": "New appointment request from Rajesh Kumar for Math Teacher. Payment has been marked as complete.", "sent_at": "2026-05-22T06:54:31.445Z", "status": "pending"}}, {"model": "appointment_app.notification", "pk": 5, "fields": {"appointment": 5, "message": "New appointment request from Rajesh Kumar for Haircut. Payment has been marked as complete.", "sent_at": "2026-05-22T06:59:00.521Z", "status": "pending"}}, {"model": "appointment_app.notification", "pk": 6, "fields": {"appointment": 6, "message": "New appointment request from Rajesh Kumar for Haircut. Payment has been marked as complete.", "sent_at": "2026-05-22T06:59:13.031Z", "status": "pending"}}, {"model": "appointment_app.notification", "pk": 7, "fields": {"appointment": 5, "message": "Automated notification sent for Haircut (pending)", "sent_at": "2026-05-22T07:00:35.487Z", "status": "sent"}}, {"model": "appointment_app.notification", "pk": 8, "fields": {"appointment": 7, "message": "New appointment request from himanshu singh for Haircut. Payment has been marked as complete.", "sent_at": "2026-05-22T07:36:31.386Z", "status": "pending"}}, {"model": "appointment_app.notification", "pk": 9, "fields": {"appointment": 8, "message": "New appointment request from Rajesh Kumar for Haircut. Payment has been marked as complete.", "sent_at": "2026-05-22T07:48:59.825Z", "status": "pending"}}, {"model": "appointment_app.notification", "pk": 10, "fields": {"appointment": 8, "message": "Automated notification sent for Haircut (accepted)", "sent_at": "2026-05-22T07:51:48.792Z", "status": "sent"}}, {"model": "auth.permission", "pk": 1, "fields": {"name": "Can add user", "content_type": 9, "codename": "add_user"}}, {"model": "auth.permission", "pk": 2, "fields": {"name": "Can change user", "content_type": 9, "codename": "change_user"}}, {"model": "auth.permission", "pk": 3, "fields": {"name": "Can delete user", "content_type": 9, "codename": "delete_user"}}, {"model": "auth.permission", "pk": 4, "fields": {"name": "Can view user", "content_type": 9, "codename": "view_user"}}, {"model": "auth.permission", "pk": 5, "fields": {"name": "Can add customer", "content_type": 3, "codename": "add_customer"}}, {"model": "auth.permission", "pk": 6, "fields": {"name": "Can change customer", "content_type": 3, "codename": "change_customer"}}, {"model": "auth.permission", "pk": 7, "fields": {"name": "Can delete customer", "content_type": 3, "codename": "delete_customer"}}, {"model": "auth.permission", "pk": 8, "fields": {"name": "Can view customer", "content_type": 3, "codename": "view_customer"}}, {"model": "auth.permission", "pk": 9, "fields": {"name": "Can add provider profile", "content_type": 6, "codename": "add_providerprofile"}}, {"model": "auth.permission", "pk": 10, "fields": {"name": "Can change provider profile", "content_type": 6, "codename": "change_providerprofile"}}, {"model": "auth.permission", "pk": 11, "fields": {"name": "Can delete provider profile", "content_type": 6, "codename": "delete_providerprofile"}}, {"model": "auth.permission", "pk": 12, "fields": {"name": "Can view provider profile", "content_type": 6, "codename": "view_providerprofile"}}, {"model": "auth.permission", "pk": 13, "fields": {"name": "Can add staff", "content_type": 7, "codename": "add_staff"}}, {"model": "auth.permission", "pk": 14, "fields": {"name": "Can change staff", "content_type": 7, "codename": "change_staff"}}, {"model": "auth.permission", "pk": 15, "fields": {"name": "Can delete staff", "content_type": 7, "codename": "delete_staff"}}, {"model": "auth.permission", "pk": 16, "fields": {"name": "Can view staff", "content_type": 7, "codename": "view_staff"}}, {"model": "auth.permission", "pk": 17, "fields": {"name": "Can add appointment", "content_type": 1, "codename": "add_appointment"}}, {"model": "auth.permission", "pk": 18, "fields": {"name": "Can change appointment", "content_type": 1, "codename": "change_appointment"}}, {"model": "auth.permission", "pk": 19, "fields": {"name": "Can delete appointment", "content_type": 1, "codename": "delete_appointment"}}, {"model": "auth.permission", "pk": 20, "fields": {"name": "Can view appointment", "content_type": 1, "codename": "view_appointment"}}, {"model": "auth.permission", "pk": 21, "fields": {"name": "Can add notification", "content_type": 4, "codename": "add_notification"}}, {"model": "auth.permission", "pk": 22, "fields": {"name": "Can change notification", "content_type": 4, "codename": "change_notification"}}, {"model": "auth.permission", "pk": 23, "fields": {"name": "Can delete notification", "content_type": 4, "codename": "delete_notification"}}, {"model": "auth.permission", "pk": 24, "fields": {"name": "Can view notification", "content_type": 4, "codename": "view_notification"}}, {"model": "auth.permission", "pk": 25, "fields": {"name": "Can add category", "content_type": 2, "codename": "add_category"}}, {"model": "auth.permission", "pk": 26, "fields": {"name": "Can change category", "content_type": 2, "codename": "change_category"}}, {"model": "auth.permission", "pk": 27, "fields": {"name": "Can delete category", "content_type": 2, "codename": "delete_category"}}, {"model": "auth.permission", "pk": 28, "fields": {"name": "Can view category", "content_type": 2, "codename": "view_category"}}, {"model": "auth.permission", "pk": 29, "fields": {"name": "Can add otp request", "content_type": 5, "codename": "add_otprequest"}}, {"model": "auth.permission", "pk": 30, "fields": {"name": "Can change otp request", "content_type": 5, "codename": "change_otprequest"}}, {"model": "auth.permission", "pk": 31, "fields": {"name": "Can delete otp request", "content_type": 5, "codename": "delete_otprequest"}}, {"model": "auth.permission", "pk": 32, "fields": {"name": "Can view otp request", "content_type": 5, "codename": "view_otprequest"}}, {"model": "auth.permission", "pk": 33, "fields": {"name": "Can add sub category", "content_type": 8, "codename": "add_subcategory"}}, {"model": "auth.permission", "pk": 34, "fields": {"name": "Can change sub category", "content_type": 8, "codename": "change_subcategory"}}, {"model": "auth.permission", "pk": 35, "fields": {"name": "Can delete sub category", "content_type": 8, "codename": "delete_subcategory"}}, {"model": "auth.permission", "pk": 36, "fields": {"name": "Can view sub category", "content_type": 8, "codename": "view_subcategory"}}, {"model": "auth.permission", "pk": 37, "fields": {"name": "Can add log entry", "content_type": 10, "codename": "add_logentry"}}, {"model": "auth.permission", "pk": 38, "fields": {"name": "Can change log entry", "content_type": 10, "codename": "change_logentry"}}, {"model": "auth.permission", "pk": 39, "fields": {"name": "Can delete log entry", "content_type": 10, "codename": "delete_logentry"}}, {"model": "auth.permission", "pk": 40, "fields": {"name": "Can view log entry", "content_type": 10, "codename": "view_logentry"}}, {"model": "auth.permission", "pk": 41, "fields": {"name": "Can add permission", "content_type": 12, "codename": "add_permission"}}, {"model": "auth.permission", "pk": 42, "fields": {"name": "Can change permission", "content_type": 12, "codename": "change_permission"}}, {"model": "auth.permission", "pk": 43, "fields": {"name": "Can delete permission", "content_type": 12, "codename": "delete_permission"}}, {"model": "auth.permission", "pk": 44, "fields": {"name": "Can view permission", "content_type": 12, "codename": "view_permission"}}, {"model": "auth.permission", "pk": 45, "fields": {"name": "Can add group", "content_type": 11, "codename": "add_group"}}, {"model": "auth.permission", "pk": 46, "fields": {"name": "Can change group", "content_type": 11, "codename": "change_group"}}, {"model": "auth.permission", "pk": 47, "fields": {"name": "Can delete group", "content_type": 11, "codename": "delete_group"}}, {"model": "auth.permission", "pk": 48, "fields": {"name": "Can view group", "content_type": 11, "codename": "view_group"}}, {"model": "auth.permission", "pk": 49, "fields": {"name": "Can add content type", "content_type": 13, "codename": "add_contenttype"}}, {"model": "auth.permission", "pk": 50, "fields": {"name": "Can change content type", "content_type": 13, "codename": "change_contenttype"}}, {"model": "auth.permission", "pk": 51, "fields": {"name": "Can delete content type", "content_type": 13, "codename": "delete_contenttype"}}, {"model": "auth.permission", "pk": 52, "fields": {"name": "Can view content type", "content_type": 13, "codename": "view_contenttype"}}, {"model": "auth.permission", "pk": 53, "fields": {"name": "Can add session", "content_type": 14, "codename": "add_session"}}, {"model": "auth.permission", "pk": 54, "fields": {"name": "Can change session", "content_type": 14, "codename": "change_session"}}, {"model": "auth.permission", "pk": 55, "fields": {"name": "Can delete session", "content_type": 14, "codename": "delete_session"}}, {"model": "auth.permission", "pk": 56, "fields": {"name": "Can view session", "content_type": 14, "codename": "view_session"}}, {"model": "contenttypes.contenttype", "pk": 1, "fields": {"app_label": "appointment_app", "model": "appointment"}}, {"model": "contenttypes.contenttype", "pk": 2, "fields": {"app_label": "appointment_app", "model": "category"}}, {"model": "contenttypes.contenttype", "pk": 3, "fields": {"app_label": "appointment_app", "model": "customer"}}, {"model": "contenttypes.contenttype", "pk": 4, "fields": {"app_label": "appointment_app", "model": "notification"}}, {"model": "contenttypes.contenttype", "pk": 5, "fields": {"app_label": "appointment_app", "model": "otprequest"}}, {"model": "contenttypes.contenttype", "pk": 6, "fields": {"app_label": "appointment_app", "model": "providerprofile"}}, {"model": "contenttypes.contenttype", "pk": 7, "fields": {"app_label": "appointment_app", "model": "staff"}}, {"model": "contenttypes.contenttype", "pk": 8, "fields": {"app_label": "appointment_app", "model": "subcategory"}}, {"model": "contenttypes.contenttype", "pk": 9, "fields": {"app_label": "appointment_app", "model": "user"}}, {"model": "contenttypes.contenttype", "pk": 10, "fields": {"app_label": "admin", "model": "logentry"}}, {"model": "contenttypes.contenttype", "pk": 11, "fields": {"app_label": "auth", "model": "group"}}, {"model": "contenttypes.contenttype", "pk": 12, "fields": {"app_label": "auth", "model": "permission"}}, {"model": "contenttypes.contenttype", "pk": 13, "fields": {"app_label": "contenttypes", "model": "contenttype"}}, {"model": "contenttypes.contenttype", "pk": 14, "fields": {"app_label": "sessions", "model": "session"}}, {"model": "sessions.session", "pk": "3ieke5p2q1daeaxycp1wlppfz8if1uv8", "fields": {"session_data": ".eJxVjMsKwjAQAP9lzxKySdtse_TuN4TNozYqSWlaUMR_l0IPep0Z5g2Wt3WyW42LTQEGQDj9Msf-HvMuwo3ztQhf8rokJ_ZEHLaKSwnxcT7av8HEdYIBmFSjInJwhhTLvtMa-0ZTK72SpiNNIyO2pEznNI49OdLBt2xGRo2S92mNtaaSbXzOaXnBID9fP9g94g:1wQ4aQ:pbvxrNqWO5gIkqhvoEBCi7zv4XN_R6JV3zZnd1xfDO0", "expire_date": "2026-06-04T14:41:22.841Z"}}, {"model": "sessions.session", "pk": "cpjsj484hfbwvevegfmzgplo0mu8nhzi", "fields": {"session_data": ".eJxVjM0OwiAQhN-FsyFAoT8evfsMZGF3LWrAlDbRGN_dNulBM7eZb7638LDMo18qTT6hOIpGHH67APFGeRvwCvlSZCx5nlKQGyL3tcpzQbqfdvZPMEId17dlN2jXcxsNK3ahs9AMbdOjUR1Gi8TGOK2UBrsmth2zIY7KAQbWbDZppVpTyZ6ejzS9xFF9vo96P5M:1wQKgk:RhgFgS_3h0KU_sm_4HycllcB6DuDD1K_GTkmO9nvSik", "expire_date": "2026-06-05T07:52:58.727Z"}}, {"model": "sessions.session", "pk": "cvlf6uqcdj54kw0xqo0u7furw4veuldq", "fields": {"session_data": ".eJxVjEEOwiAQAP_C2ZAtlJZ69O4byC4sFjVgSptojH83JD3odWYyb-FwW2e3VV5cCuIoOnH4ZYT-xrmJcMV8KdKXvC6JZEvkbqs8l8D3097-DWasc9sCjJaM6jQPhvxoIYRx6pFZT7qPdgDTB2I0vmMyE6AaQrTRKAXko_ZtWrnWVLLj5yMtL3GEzxd6ez83:1wQIpt:zBJR85I6M_qTkOllReJvcQCXZeFyEWqX57t6uv7-neM", "expire_date": "2026-06-05T05:54:17.909Z"}}, {"model": "sessions.session", "pk": "d27zm6vf20mepncnit3iuiiwtvkxevlj", "fields": {"session_data": ".eJxVjMsKwjAQAP9lzxKySdtse_TuN4TNozYqSWlaUMR_l0IPep0Z5g2Wt3WyW42LTQEGQDj9Msf-HvMuwo3ztQhf8rokJ_ZEHLaKSwnxcT7av8HEdYIBmFSjInJwhhTLvtMa-0ZTK72SpiNNIyO2pEznNI49OdLBt2xGRo2S92mNtaaSbXzOaXnBID9fP9g94g:1wQ32O:c83cUrQOBIQHvNDpnc6hCuSwV-8edKGi4nZHV0xu67w", "expire_date": "2026-06-04T13:02:08.301Z"}}, {"model": "sessions.session", "pk": "dvgbd49e43or1wbjiza7p01kszdr8lgt", "fields": {"session_data": ".eJxVjMsKwjAUBf8lawlJ2nBLl-79hpD7iI1KIk0LivjvWuhCt2fmzEuFuC5TWJvMIbMa1aAOvxtGukrZAF9iOVdNtSxzRr0peqdNnyrL7bi7f4Eptun7dsmDpJ4IEZwwJs_WcM_RWuk8kDOeOkQcjABbILJoI_UWUmJ0BFu0SWu5liCPe56fajTvD-R4QKM:1wQJ39:QTfOGlg473GmsuNcC05tNNYbImVLABOFY_4fXDdNSFU", "expire_date": "2026-06-05T06:07:59.864Z"}}, {"model": "sessions.session", "pk": "k247s89pv8by8ti1vlbg3y6pfsyvuwc0", "fields": {"session_data": ".eJxVjMsKwjAQAP8lZwlp3vXovd8QdrMbU5UWmvYk_rsEetDrzDBvkeDYazoab2kmcRWDuPwyhPzkpQt6wHJfZV6XfZtR9kSetslpJX7dzvZvUKHVvlUqRHR6MOwd5hAVURgtMJvR2BK9cpaQweWB0Y0KtKcSi9NaYS4mi88X0J03-g:1wQJTq:Ni1LoAGItFW5aOIpRiiVHhJa7IzFN3O5SaiT42jnZ6o", "expire_date": "2026-06-05T06:35:34.507Z"}}, {"model": "sessions.session", "pk": "oc3lr1noowj0164vxtg76qdpezy5z4u9", "fields": {"session_data": ".eJxVjMsKwjAQAP9lzxKySdtse_TuN4TNozYqSWlaUMR_l0IPep0Z5g2Wt3WyW42LTQEGQDj9Msf-HvMuwo3ztQhf8rokJ_ZEHLaKSwnxcT7av8HEdYIBmFSjInJwhhTLvtMa-0ZTK72SpiNNIyO2pEznNI49OdLBt2xGRo2S92mNtaaSbXzOaXnBID9fP9g94g:1wQ2W1:xpk9Z2Qtg3sR_8nDi2na8MOeLxNPh8hgymP29FhYUkE", "expire_date": "2026-06-04T12:28:41.359Z"}}, {"model": "sessions.session", "pk": "ooo8nu0t6xxiye6al98dzbres1t7gsi4", "fields": {"session_data": ".eJxVjs0OwiAQhN-FsyH9o-z26N1nICwsFjVgSptojO9ua3rQ63zfTOYljF3m0SyFJxO9GETdiMNvSNZdOW3EX2w6Z-lymqdIclPkTos8Zc-34-7-DYy2jGsb2BFYZKxJo-_7ilUdWmwQdcfdSkMHoSXSoMDpBsH2wF754Iidqr6vCpcSczL8uMfpKYbq_QHLGz_Z:1wQOg6:3Nzw20ogGGrkV4Rhzd_EpNIoD5rq3rju4VrlkTW_qtE", "expire_date": "2026-06-05T12:08:34.975Z"}}, {"model": "sessions.session", "pk": "pjkse7jvk5l50zme0c8s6dc5spx3qskg", "fields": {"session_data": ".eJxVjMsKwjAQAP9lzxKySdtse_TuN4TNozYqSWlaUMR_l0IPep0Z5g2Wt3WyW42LTQEGQDj9Msf-HvMuwo3ztQhf8rokJ_ZEHLaKSwnxcT7av8HEdYIBmFSjInJwhhTLvtMa-0ZTK72SpiNNIyO2pEznNI49OdLBt2xGRo2S92mNtaaSbXzOaXnBID9fP9g94g:1wQ1P2:pNhEZQlnS_E6GjAF1rCtt5CTldsla0JF-bOB3ZIx4aI", "expire_date": "2026-06-04T11:17:24.951Z"}}, {"model": "sessions.session", "pk": "r1ibk3q5xkzw7awsetdl878742qpfb7f", "fields": {"session_data": ".eJxVjMsKwjAQAP8lZwlp3vXovd8QdrMbU5UWmvYk_rsEetDrzDBvkeDYazoab2kmcRWDuPwyhPzkpQt6wHJfZV6XfZtR9kSetslpJX7dzvZvUKHVvlUqRHR6MOwd5hAVURgtMJvR2BK9cpaQweWB0Y0KtKcSi9NaYS4mi88X0J03-g:1wQJTD:i4639ozIhhGzNvl0VfUmmc-BjQBN0DvNfczPmgE77-o", "expire_date": "2026-06-05T06:34:55.133Z"}}, {"model": "sessions.session", "pk": "rdamjxzghhjqmytwesm25n32p28c6r5e", "fields": {"session_data": ".eJxVjMsKwjAQAP9lzxKySdtse_TuN4TNozYqSWlaUMR_l0IPep0Z5g2Wt3WyW42LTQEGQDj9Msf-HvMuwo3ztQhf8rokJ_ZEHLaKSwnxcT7av8HEdYIBmFSjInJwhhTLvtMa-0ZTK72SpiNNIyO2pEznNI49OdLBt2xGRo2S92mNtaaSbXzOaXnBID9fP9g94g:1wQ2W3:w2BRedp2i4OzNdRhdhAfpVszI52yuZBA--h4AUQXMJM", "expire_date": "2026-06-04T12:28:43.005Z"}}, {"model": "sessions.session", "pk": "ttjhkkb170e8hkq1et9iee9u2tqb8yup", "fields": {"session_data": ".eJxVjMsKwjAQAP9lzxKySdtse_TuN4TNozYqSWlaUMR_l0IPep0Z5g2Wt3WyW42LTQEGQDj9Msf-HvMuwo3ztQhf8rokJ_ZEHLaKSwnxcT7av8HEdYIBmFSjInJwhhTLvtMa-0ZTK72SpiNNIyO2pEznNI49OdLBt2xGRo2S92mNtaaSbXzOaXnBID9fP9g94g:1wQ2zY:Y7tAdj9fxhWUwQ8IptCPVrBFA1uB6h0pzd2dexjKy_I", "expire_date": "2026-06-04T12:59:12.461Z"}}, {"model": "sessions.session", "pk": "ujneto6mrezck01ytf3wh2dejw92424m", "fields": {"session_data": ".eJxVjMsKwjAQAP9lzxKySdtse_TuN4TNozYqSWlaUMR_l0IPep0Z5g2Wt3WyW42LTQEGQDj9Msf-HvMuwo3ztQhf8rokJ_ZEHLaKSwnxcT7av8HEdYIBmFSjInJwhhTLvtMa-0ZTK72SpiNNIyO2pEznNI49OdLBt2xGRo2S92mNtaaSbXzOaXnBID9fP9g94g:1wQ4aM:AvGmVhhSoe1pMMgqZ6llW4JLQ89HT3-zh-A1xQTiGBI", "expire_date": "2026-06-04T14:41:18.497Z"}}, {"model": "sessions.session", "pk": "zk2xlhni9yokcrw7s14gxf448hi1q30s", "fields": {"session_data": ".eJxVjMsKwjAQAP9lzxKySdtse_TuN4TNozYqSWlaUMR_l0IPep0Z5g2Wt3WyW42LTQEGQDj9Msf-HvMuwo3ztQhf8rokJ_ZEHLaKSwnxcT7av8HEdYIBmFSjInJwhhTLvtMa-0ZTK72SpiNNIyO2pEznNI49OdLBt2xGRo2S92mNtaaSbXzOaXnBID9fP9g94g:1wQ4aO:RNKDF3HNTWHDAVpFrVismXDHB7eOvl-HFz2M0NYjOjg", "expire_date": "2026-06-04T14:41:20.959Z"}}]
